{"fileName":"sampletif3_300dpi-14p0.tif","zoom":1,"width":623.7125748502993,"height":882,"orgZoom":1,"orgWidth":623.7125748502993,"orgHeight":882,"version":"5.2.4","objects":[],"angle":0}